IP,CountryCode,Country
103.139.193.116,ID,Indonesia
103.188.177.46,ID,Indonesia
103.248.43.99,KH,Cambodia
107.173.10.98,US,United States
116.110.86.7,VN,Vietnam
116.110.95.232,VN,Vietnam
118.193.77.158,US,United States
121.122.119.22,MY,Malaysia
138.68.140.83,GB,United Kingdom
14.103.205.182,CN,China
141.95.162.177,FR,France
14.241.229.103,VN,Vietnam
14.63.196.175,KR,Korea Republic of
147.182.253.24,US,United States
150.139.195.82,CN,China
152.32.173.252,HK,Hong Kong
165.22.74.213,DE,Germany
172.245.190.171,US,United States
185.213.165.138,IR,Iran
189.23.51.118,BR,Brazil
196.251.118.184,SC,Seychelles
196.251.71.44,SC,Seychelles
196.251.87.54,SC,Seychelles
201.249.182.109,VE,Venezuela
20.127.224.153,US,United States
207.231.111.207,US,United States
220.196.249.122,CN,China
34.96.239.88,HK,Hong Kong
37.44.238.88,FR,France
38.22.160.113,MX,Mexico
81.192.46.36,MA,Morocco
89.219.32.31,KZ,Kazakhstan
96.78.175.36,US,United States
